{
  "dataset": "iris",
  "model": "LogisticRegression",
  "accuracy": 0.9333333333333333,
  "f1_macro": 0.9333333333333332,
  "confusion_matrix": [
    [
      10,
      0,
      0
    ],
    [
      0,
      9,
      1
    ],
    [
      0,
      1,
      9
    ]
  ],
  "test_size": 0.2,
  "random_state": 42
}